Symbol,Name,LastSale,annualdividend,dividendyield,exdividenddate,dividendpaymentdate
AAL,American Airlines Group Inc.,46.91,0.4,0.8516,2/9/17,2/27/17
AAON,AAON Inc.,34.35,0.26,0.7439,11/30/16,12/23/16
AAPL,Apple Inc.,135.72,2.28,1.6846,2/9/17,2/16/17
AAXJ,iShares Trust,60.59,1.27619,2.1025,12/21/16,12/28/16
ABAX,ABAXIS Inc.,49.66,0.56,1.1417,11/29/16,12/15/16
ABCB,Ameris Bancorp,48.75,0.4,0.8239,12/28/16,1/10/17
ABDC,Alcentra Capital Corp.,12.68,1.36,10.625,12/28/16,1/5/17
ACET,Aceto Corporation,15.705,0.26,1.6645,12/8/16,12/22/16
ACNB,ACNB Corporation,29.45,0.8,2.7304,11/29/16,12/15/16
ACSF,American Capital Senior Floating Ltd.,12.65,1.164,9.0938,2/15/17,3/2/17
ACTX,Global X Funds,14.86,0.118615,0.7955,12/28/16,1/6/17
ACWI,iShares Trust,62.42,1.106332,1.7713,12/21/16,12/28/16
ACWX,iShares Trust,42.59,0.779762,1.8253,12/21/16,12/28/16
ADI,Analog Devices Inc.,82.48,1.68,2.0495,11/30/16,12/13/16
ADP,Automatic Data Processing Inc.,99.68,2.28,2.2827,12/7/16,1/1/17
ADRA,BLDRS Index Funds Trust,29.576,0.61788,2.0818,12/16/16,12/30/16
ADRD,BLDRS Index Funds Trust,20.89,0.67272,3.2296,12/16/16,12/30/16
ADRE,BLDRS Index Funds Trust,36.0901,0.65104,1.7935,12/16/16,12/30/16
ADRU,BLDRS Index Funds Trust,20.14,0.7026,3.4886,12/16/16,12/30/16
ADTN,ADTRAN Inc.,21.7,0.36,1.659,1/31/17,2/16/17
AFSI,AmTrust Financial Services Inc.,27.34,0.68,2.47,12/29/16,1/17/17
AGII,Argo Group International Holdings Ltd.,66.6,0.88,1.3037,11/29/16,12/15/16
AGNC,AGNC Investment Corp.,19.49,2.16,11.0997,1/27/17,2/8/17
AGND,WisdomTree Trust,44.0348,0.78,1.7687,2/17/17,2/24/17
AGZD,WisdomTree Trust,47.988,0.96,1.9979,2/17/17,2/24/17
AHGP,Alliance Holdings GP L.P.,30.64,2.2,7.3065,2/8/17,2/17/17
AIA,iShares Trust,50.9,1.651654,3.2436,12/22/16,12/29/16
AIMC,Altra Industrial Motion Corp.,39.75,0.6,1.5019,12/15/16,1/4/17
AIRR,First Trust Exchange-Traded Fund VI,24.25,0.032,0.1316,12/21/16,12/30/16
ALCO,Alico Inc.,26.3,0.24,0.9091,12/28/16,1/16/17
ALGT,Allegiant Travel Company,171.4,2.8,1.6129,11/21/16,12/6/16
ALOG,Analogic Corporation,81.6,0.4,0.4944,12/14/16,12/30/16
ALOT,AstroNova Inc.,13.65,0.28,2.0557,12/12/16,1/3/17
ALTY,Global X Funds,15.505,1.188,7.635,2/1/17,2/10/17
AMAT,Applied Materials Inc.,35.67,0.4,1.137,2/17/17,3/15/17
AMGN,Amgen Inc.,173.29,4.6,2.6727,2/13/17,3/8/17
AMNB,American National Bankshares Inc.,36.55,0.96,2.6483,11/30/16,12/16/16
AMOT,Allied Motion Technologies Inc.,23.24,0.1,0.4327,11/15/16,11/30/16
AMRB,American River Bankshares,15.35,0.2,1.3029,2/6/17,2/22/17
AMRK,A-Mark Precious Metals Inc.,20.75,0.32,1.5466,2/6/17,2/24/17
AMSF,AMERISAFE Inc.,65.25,0.72,1.1009,12/13/16,12/29/16
AMSWA,American Software Inc.,10.35,0.44,4.2636,2/8/17,2/24/17
AMTD,TD Ameritrade Holding Corporation,43.15,0.72,1.664,1/30/17,2/15/17
ANAT,American National Insurance Company,121.17,3.28,2.7018,11/30/16,12/16/16
ANCX,Access National Corporation,27.5,0.6,2.1994,2/1/17,2/24/17
ANDE,The Andersons Inc.,40.05,0.64,1.602,12/29/16,1/24/17
APLP,Archrock Partners L.P.,17.9,1.14,6.4225,2/6/17,2/14/17
APOG,Apogee Enterprises Inc.,58.03,0.56,0.9521,1/27/17,2/15/17
ARCB,ArcBest Corporation,31,0.32,1.0289,2/10/17,2/28/17
ARII,American Railcar Industries Inc.,46.65,1.6,3.4379,12/7/16,12/22/16
ARKR,Ark Restaurants Corp.,25.63,1,3.9541,12/16/16,1/3/17
ARLP,Alliance Resource Partners L.P.,24.3,1.75,7.2765,2/3/17,2/14/17
AROW,Arrow Financial Corporation,35.8,1,2.7972,11/30/16,12/15/16
ARTNA,Artesian Resources Corporation,32.39,0.9132,2.8899,2/8/17,2/22/17
ASET,FlexShares Trust,26.219,1.465572,5.5831,12/28/16,1/4/17
ASRV,AmeriServ Financial Inc.,3.95,0.06,1.5584,2/2/17,2/21/17
ASTE,Astec Industries Inc.,70.45,0.4,0.5558,11/8/16,11/28/16
ATLO,Ames National Corporation,32.25,0.84,2.5926,1/30/17,2/15/17
ATNI,ATN International Inc.,80.75,1.36,1.6769,12/28/16,1/9/17
ATRI,Atrion Corporation,481.05,4.2,0.8917,11/29/16,12/15/16
AUBN,Auburn National Bancorporation Inc.,33.02,0.9,2.7256,12/7/16,12/27/16
BANF,BancFirst Corporation,96.8,1.52,1.5776,12/28/16,1/13/17
BANR,Banner Corporation,58.39,0.92,1.5716,1/5/17,1/18/17
BANX,StoneCastle Financial Corp,19.79,1.48,7.5587,12/20/16,1/3/17
BBBY,Bed Bath & Beyond Inc.,41.14,0.5,1.2231,12/14/16,1/17/17
BBGI,Beasley Broadcast Group Inc.,9.5,0.18,1.9355,12/28/16,1/6/17
BBH,VanEck Vectors ETF Trust,119.45,0.327,0.2746,12/19/16,12/23/16
BBOX,Black Box Corporation,9.65,0.48,4.8485,12/28/16,1/13/17
BBSI,Barrett Business Services Inc.,64.38,0.88,1.3748,11/18/16,12/6/16
BCBP,BCB Bancorp Inc. (NJ),14.6,0.56,3.9298,1/30/17,2/15/17
BCPC,Balchem Corporation,83.87,0.38,0.4522,12/22/16,1/20/17
BDGE,Bridge Bancorp Inc.,36.55,0.92,2.5414,1/19/17,1/31/17
BEAV,B/E Aerospace Inc.,62.83,0.84,1.3408,11/17/16,12/16/16
BELFA,Bel Fuse Inc.,24.0201,0.24,0.9856,1/11/17,2/1/17
BELFB,Bel Fuse Inc.,29.9,0.28,0.8833,1/11/17,2/1/17
BFIN,BankFinancial Corporation,14.76,0.24,1.6304,2/6/17,2/24/17
BFIT,Global X Funds,14.8801,0.075078,0.5046,12/28/16,1/6/17
BGCP,BGC Partners Inc.,11.69,0.64,5.4468,11/21/16,12/8/16
BGFV,Big 5 Sporting Goods Corporation,13.4,0.6,4.3956,11/29/16,12/15/16
BHBK,Blue Hills Bancorp Inc.,18.9,0.2,1.061,2/6/17,2/22/17
BICK,First Trust Exchange-Traded Fund II,24.4527,0.476,1.9295,12/21/16,12/30/16
BKCC,BlackRock Capital Investment Corporation,7.76,0.84,10.9091,12/15/16,1/2/17
BKEP,Blueknight Energy Partners L.P. L.L.C.,7.1,0.58,8.169,2/1/17,2/14/17
BKMU,Bank Mutual Corporation,9.85,0.22,2.2222,2/15/17,2/27/17
BKSC,Bank of South Carolina Corp.,20.75,0.56,2.673,12/28/16,1/31/17
BLKB,Blackbaud Inc.,73.43,0.48,0.6551,11/21/16,12/15/16
BLMN,Bloomin' Brands Inc.,18.86,0.28,1.5634,11/7/16,11/22/16
BMLA,Recon Capital Series Trust,30.54,3.3242,10.8572,12/21/16,12/27/16
BMRC,Bank of Marin Bancorp,69.4,1.08,1.5596,2/1/17,2/10/17
BMTC,Bryn Mawr Bank Corporation,41.85,0.84,2.012,1/31/17,3/1/17
BNCL,Beneficial Bancorp Inc.,16.8,0.24,1.4371,2/9/17,2/23/17
BNCN,BNC Bancorp,36.55,0.2,0.5427,2/8/17,2/24/17
BNDX,Vanguard Charlotte Funds,53.92,0.54,1.0028,2/1/17,2/7/17
BOBE,Bob Evans Farms Inc.,56.85,1.36,2.3939,12/8/16,12/23/16
BOCH,Bank of Commerce Holdings (CA),10.6,0.12,1.106,12/29/16,1/13/17
BOKF,BOK Financial Corporation,83.86,1.76,2.0942,2/8/17,2/24/17
BOOM,DMC Global Inc.,16.05,0.08,0.4863,12/28/16,1/16/17
BOTJ,Bank of the James Financial Group Inc.,16.048,0.24,1.4803,11/30/16,12/16/16
BOTZ,Global X Funds,16.7,0.008532,0.0514,12/28/16,1/6/17
BPFH,Boston Private Financial Holdings Inc.,17,0.44,2.5581,2/1/17,2/17/17
BPOP,Popular Inc.,45.37,0.6,1.3135,12/7/16,1/2/17
BRCD,Brocade Communications Systems Inc.,12.35,0.22,1.7857,12/8/16,1/4/17
BRKL,Brookline Bancorp Inc.,16.05,0.36,2.2571,2/8/17,2/24/17
BRKR,Bruker Corporation,24.69,0.16,0.6595,12/1/16,12/23/16
BRKS,Brooks Automation Inc.,21.41,0.4,1.845,11/30/16,12/23/16
BSET,Bassett Furniture Industries Incorporated,26.3,0.4,1.5152,2/8/17,2/24/17
BSF,Bear State Financial Inc.,9.65,0.12,1.2487,1/30/17,2/15/17
BSRR,Sierra Bancorp,28.48,0.56,1.9851,1/31/17,2/16/17
BUSE,First Busey Corporation,31.06,0.72,2.3415,1/25/17,2/3/17
BWFG,Bankwell Financial Group Inc.,32.09,0.28,0.8709,2/15/17,2/27/17
CA,CA Inc.,32.09,1.02,3.1985,2/14/17,3/14/17
CAC,Camden National Corporation,42.07,0.92,2.1973,1/12/17,1/31/17
CAKE,The Cheesecake Factory Incorporated,61.83,0.96,1.5582,11/7/16,11/22/16
CAPX,Elkhorn ETF Trust,27.1869,0.33896,1.2468,12/22/16,12/29/16
CARO,Carolina Financial Corporation,30.89,0.16,0.5083,12/23/16,1/11/17
CARZ,First Trust Exchange-Traded Fund II,36.21,1.0384,2.8614,12/21/16,12/30/16
CASH,Meta Financial Group Inc.,86.9,0.52,0.619,12/6/16,1/3/17
CASS,Cass Information Systems Inc,66.64,0.92,1.4063,12/1/16,12/15/16
CASY,Caseys General Stores Inc.,117.5,0.96,0.8201,1/30/17,2/15/17
CATH,Global X Funds,28.55,0.134748,0.4723,12/28/16,1/6/17
CATY,Cathay General Bancorp,39.42,0.84,2.1516,11/29/16,12/12/16
CBF,Capital Bank Financial Corp.,39.85,0.48,1.206,2/6/17,2/22/17
CBFV,CB Financial Services Inc.,25.85,0.88,3.3397,12/7/16,12/19/16
CBOE,CBOE Holdings Inc.,80.94,1,1.2438,11/30/16,12/16/16
CBRL,Cracker Barrel Old Country Store Inc.,168.69,4.6,2.7454,1/11/17,2/6/17
CBSH,Commerce Bancshares Inc.,59.12,0.9,1.5327,11/30/16,12/19/16
CCBG,Capital City Bank Group,21.36,0.2,0.9506,12/1/16,12/19/16
CCD,Calamos Dynamic Convertible & Income Fund,19.23,2.004,10.5031,2/8/17,2/15/17
CCLP,CSI Compressco LP,11.17,1.51,13.304,1/30/17,2/14/17
CCMP,Cabot Microelectronics Corporation,69.25,0.72,1.036,12/21/16,1/30/17
CCNE,CNB Financial Corporation,26.04,0.66,2.5316,11/29/16,12/15/16
CCOI,Cogent Communications Holdings Inc.,42.1,1.6,3.8232,11/18/16,12/9/16
CCUR,Concurrent Computer Corporation,4.9,0.48,9.8969,12/12/16,12/28/16
CDC,Victory Portfolios II,42.38,0.760077,1.7931,2/14/17,2/17/17
CDK,CDK Global Inc.,65.47,0.56,0.8614,12/16/16,12/30/16
CDL,Victory Portfolios II,41.26,0.724414,1.7555,2/14/17,2/17/17
CDOR,Condor Hospitality Trust Inc.,2.21,0.12,5.6075,12/16/16,1/5/17
CDW,CDW Corporation,59.99,0.64,1.0879,11/22/16,12/12/16
CECE,CECO Environmental Corp.,11.21,0.264,2.3656,12/14/16,12/30/16
CFA,Victory Portfolios II,42.4999,0.302448,0.7132,2/14/17,2/17/17
CFFI,C&F Financial Corporation,47.7,1.32,2.7443,12/13/16,1/1/17
CFFN,Capitol Federal Financial Inc.,15.41,0.34,2.2222,2/1/17,2/17/17
CFNB,California First National Bancorp,15.9,0.46,2.875,11/29/16,12/15/16
CFNL,Cardinal Financial Corporation,31.22,0.52,1.655,2/7/17,2/24/17
CFO,Victory Portfolios II,42.44,0.312061,0.7373,2/14/17,2/17/17
CG,The Carlyle Group L.P.,16.05,0.64,4,2/16/17,2/28/17
CGNX,Cognex Corporation,76.44,0.3,0.4258,11/30/16,12/16/16
CGO,Calamos Global Total Return Fund,11.3276,1.2,10.4439,2/8/17,2/15/17
CHCO,City Holding Company,66.08,1.72,2.59,1/11/17,1/31/17
CHDN,Churchill Downs Incorporated,155.1,1.32,0.8516,11/30/16,1/6/17
CHFC,Chemical Financial Corporation,53.26,1.08,2.0312,11/30/16,12/16/16
CHFN,Charter Financial Corp.,19.48,0.24,1.2645,2/8/17,2/24/17
CHI,Calamos Convertible Opportunities and Income Fund,10.91,1.14,10.4587,2/8/17,2/15/17
CHMG,Chemung Financial Corp,35.41,1.04,2.8785,12/16/16,1/3/17
CHRW,C.H. Robinson Worldwide Inc.,79.06,1.8,2.3059,12/15/16,12/30/16
CHW,Calamos Global Dynamic Income Fund,7.67,0.84,10.9233,2/8/17,2/15/17
CHY,Calamos Convertible and High Income Fund,11.3,1.2,10.582,2/8/17,2/15/17
CIBR,First Trust Exchange-Traded Fund II,21.6164,0.0816,0.3806,12/21/16,12/30/16
CID,Victory Portfolios II,32.6699,0.118627,0.362,2/14/17,2/17/17
CINF,Cincinnati Financial Corporation,72.67,1.92,2.6269,12/19/16,1/17/17
CIVB,Civista Bancshares Inc. ,22.11,0.24,1.0587,1/19/17,2/1/17
CIZ,Victory Portfolios II,29.8515,0.05569,0.1869,2/14/17,2/17/17
CIZN,Citizens Holding Company,25.8,0.96,3.7209,12/13/16,12/30/16
CLCT,Collectors Universe Inc.,23.05,1.4,5.96,2/13/17,2/24/17
CLMS,Calamos Asset Management Inc.,8.24,0.6,7.2551,11/4/16,11/21/16
CLRO,ClearOne Inc.,11.1,0.2,1.8265,2/13/17,3/1/17
CMCO,Columbus McKinnon Corporation,26.93,0.16,0.5926,2/8/17,2/21/17
CMCSA,Comcast Corporation,75.32,1.1,1.4476,12/30/16,1/25/17
CMCT,CIM Commercial Trust Corporation,15.6,0.875,5.6818,12/14/16,12/23/16
CME,CME Group Inc.,122.62,2.4,1.97,12/7/16,12/28/16
CMFN,CM Finance Inc,10.05,1.4064,14.064,12/14/16,1/5/17
CMTL,Comtech Telecommunications Corp.,11.62,0.4,3.4305,1/13/17,2/17/17
CNBKA,Century Bancorp Inc.,62.6,0.48,0.7711,1/30/17,2/15/17
CNMD,CONMED Corporation,43.5,0.8,1.8437,12/13/16,1/5/17
CNOB,ConnectOne Bancorp Inc.,25.35,0.3,1.1673,1/13/17,2/1/17
CNSL,Consolidated Communications Holdings Inc.,25.89,1.54952,6.0246,1/11/17,2/1/17
COBZ,CoBiz Financial Inc.,17.61,0.2,1.1306,1/26/17,2/6/17
COHU,Cohu Inc.,15.72,0.24,1.7595,11/16/16,1/2/17
COKE,Coca-Cola Bottling Co. Consolidated,177.06,1,0.5711,1/25/17,2/10/17
COLB,Columbia Banking System Inc.,40.97,0.88,2.1416,2/6/17,2/22/17
COLM,Columbia Sportswear Company,56.81,0.72,1.2685,11/15/16,12/1/16
COMT,iShares U.S. ETF Trust,34.78,0.078772,0.2266,12/28/16,1/4/17
CONE,CyrusOne Inc,47.48,1.52,3.2115,12/28/16,1/13/17
CORE,Core-Mark Holding Company Inc.,32.94,0.36,1.0827,11/21/16,12/15/16
COST,Costco Wholesale Corporation,175.86,1.8,1.0242,2/8/17,2/24/17
CPHC,Canterbury Park Holding Corporation,10.25,0.2,1.9512,12/28/16,1/13/17
CPLA,Capella Education Company,77.7,1.64,2.141,12/20/16,1/13/17
CPLP,Capital Product Partners L.P.,3.41,0.32,9.4395,2/2/17,2/15/17
CPSI,Computer Programs and Systems Inc.,26.4,0.96,3.6433,11/15/16,12/2/16
CPTA,Capitala Finance Corp.,14.25,1.56,10.8033,2/15/17,2/27/17
CRAI,CRA InternationalInc.,37.28,0.56,1.458,11/16/16,12/16/16
CRDT,WisdomTree Trust,74.33,2.76,3.7317,2/17/17,2/24/17
CRWS,Crown Crafts Inc.,7.25,0.32,4.3836,12/14/16,1/6/17
CSA,Victory Portfolios II,41.8455,0.221416,0.529,2/14/17,2/17/17
CSAL,Communications Sales & LeasingInc.,26.56,2.4,9.0023,12/28/16,1/13/17
CSB,Victory Portfolios II,40.87,0.549863,1.3395,2/14/17,2/17/17
CSBK,Clifton Bancorp Inc.,16.42,0.24,1.4607,2/15/17,3/3/17
CSCO,Cisco Systems Inc.,33.74,1.04,3.0952,1/4/17,1/25/17
CSF,Victory Portfolios II,40.88,0.21605,0.5293,2/14/17,2/17/17
CSFL,CenterState Banks Inc.,25.36,0.16,0.6287,12/13/16,12/30/16
CSGS,CSG Systems International Inc.,39.79,0.74,1.8449,12/5/16,12/22/16
CSPI,CSP Inc.,10.38,0.44,4.2348,1/25/17,2/8/17
CSQ,Calamos Strategic Total Return Fund,10.9,0.99,8.9918,2/8/17,2/15/17
CSWC,Capital Southwest Corporation,16.15,0.68,4.1924,12/13/16,1/3/17
CSX,CSX Corporation,48.54,0.72,1.5098,11/28/16,12/15/16
CTAS,Cintas Corporation,118.61,1.33,1.1129,11/2/16,12/2/16
CTBI,Community Trust Bancorp Inc.,46.8,1.28,2.7234,12/13/16,1/1/17
CTRE,CareTrust REIT Inc.,15.34,0.68,4.407,12/28/16,1/13/17
CTRN,Citi Trends Inc.,17.92,0.24,1.326,11/25/16,12/13/16
CTWS,Connecticut Water Service Inc.,53.96,1.13,2.1008,11/29/16,12/15/16
CVBF,CVB Financial Corporation,23.49,0.48,2.0426,1/4/17,1/23/17
CVCY,Central Valley Community Bancorp,22.01,0.24,1.0944,2/8/17,2/24/17
CVGW,Calavo Growers Inc.,57.9,0.9,1.5887,11/15/16,12/8/16
CVLY,Codorus Valley Bancorp Inc,26.95,0.54,2.0059,1/20/17,2/14/17
CWBC,Community West Bancshares,10.1,0.14,1.3861,2/8/17,2/28/17
CY,Cypress Semiconductor Corporation,12.9,0.44,3.4402,12/27/16,1/19/17
CZFC,Citizens First Corporation,19.7,0.16,0.8122,10/27/16,11/17/16
CZNC,Citizens & Northern Corp,24.38,1.04,4.264,1/26/17,2/10/17
DAKT,Daktronics Inc.,10.11,0.28,2.8484,12/8/16,12/23/16
DCOM,Dime Community Bancshares Inc.,21.7,0.56,2.5747,2/2/17,2/13/17
DDBI,Legg Mason ETF Investment Trust,25.2751,0.75,2.951,12/23/16,12/30/16
DGAS,Delta Natural Gas Company Inc.,26.15,0.83,3.2884,11/29/16,12/15/16
DGICA,Donegal Group Inc.,16.95,0.55,3.2258,1/30/17,2/15/17
DGICB,Donegal Group Inc.,17.945,0.48,3,1/30/17,2/15/17
DGRE,WisdomTree Trust,22.7,0.46412,2.0338,12/23/16,12/30/16
DGRS,WisdomTree Trust,33.6855,0.18,0.532,2/17/17,2/24/17
DGRW,WisdomTree Trust,35.06,0.42,1.1983,2/17/17,2/24/17
DMLP,Dorchester Minerals L.P.,16.85,0.9659,5.9994,1/26/17,2/10/17
DNBF,DNB Financial Corp,33.9622,0.28,0.8446,12/8/16,12/22/16
DNKN,Dunkin' Brands Group Inc.,55.01,1.2,2.1838,11/17/16,11/30/16
DRAD,Digirad Corporation,4.95,0.2,4.0816,2/13/17,2/28/17
DSWL,Deswell Industries Inc.,1.8238,0.14,7.6923,11/25/16,12/16/16
DVCR,Diversicare Healthcare Services Inc.,9.9775,0.22,2.2477,12/28/16,1/13/17
DWAS,PowerShares Exchange-Traded Fund Trust II,41.71,0.60332,1.4461,12/16/16,12/30/16
DWAT,Arrow Investments Trust,10.8,0.0914,0.8443,12/28/16,1/4/17
DWFI,SPDR Series Trust,24.9661,0.635184,2.5423,2/1/17,2/9/17
DWIN,PowerShares Exchange-Traded Fund Trust II,28.03,1.20264,4.289,2/15/17,2/28/17
DWLV,PowerShares Exchange-Traded Fund Trust II,26.73,0.72304,2.705,12/16/16,12/30/16
DWTR,PowerShares Exchange-Traded Fund Trust II,25.21,0.42944,1.7021,12/16/16,12/30/16
DXJS,WisdomTree Trust,37.59,0.80736,2.1427,12/23/16,12/30/16
DXPS,WisdomTree Trust,24.2447,0.7446,3.0948,12/28/16,1/4/17
EBIX,Ebix Inc.,59.35,0.3,0.5098,11/28/16,12/15/16
EBMT,Eagle Bancorp Montana Inc.,20.4853,0.32,1.5389,2/8/17,3/3/17
EBSB,Meridian Bancorp Inc.,19.45,0.12,0.6202,12/16/16,1/3/17
EBTC,Enterprise Bancorp Inc,33.9,0.54,1.5948,2/6/17,3/1/17
ECOL,US Ecology Inc.,50.8,0.72,1.3714,1/18/17,1/27/17
EDBI,Legg Mason ETF Investment Trust,27.85,0.976656,3.4993,12/23/16,12/30/16
EDUC,Educational Development Corporation,8.75,0.36,4.1143,12/7/16,12/16/16
EEI,Ecology and Environment Inc.,10.05,0.4,3.927,1/25/17,2/10/17
EEMA,iShares Inc.,57.83,1.321852,2.2743,12/21/16,12/28/16
EFAS,Global X Funds,16.07,0.678,4.1852,2/1/17,2/10/17
EFSC,Enterprise Financial Services Corporation,45.55,0.44,0.9586,12/13/16,12/30/16
ELNK,EarthLink Holdings Corp.,5.63,0.2,3.5461,12/19/16,1/4/17
EMCB,WisdomTree Trust,71.18,2.76,3.8547,2/17/17,2/24/17
EMCF,Emclaire Financial Corp,27.4365,1.04,3.8287,11/29/16,12/23/16
EMCG,WisdomTree Trust,21.6146,0.8634,3.9245,12/23/16,12/30/16
EMCI,EMC Insurance Group Inc.,28.43,0.84,2.9299,11/10/16,11/22/16
EMIF,iShares Trust,30.11,0.647366,2.1464,12/22/16,12/29/16
EML,Eastern Company (The),19.5,0.44,2.268,11/14/16,12/15/16
ENSG,The Ensign Group Inc.,18.11,0.17,0.9392,12/28/16,1/31/17
ENZL,iShares Trust,42.61,2.718118,6.3197,12/21/16,12/28/16
EQIX,Equinix Inc.,374.28,7,1.8758,11/14/16,12/14/16
ERIE,Erie Indemnity Company,114.12,3.13,2.698,1/3/17,1/20/17
ERS,Empire Resources Inc.,5.919,0.16,2.7257,12/28/16,1/11/17
ESBK,Elmira Savings Bank NY (The),21.4999,0.92,4.2791,12/6/16,12/16/16
ESCA,Escalade Incorporated,13,0.44,3.3977,12/8/16,12/19/16
ESG,FlexShares Trust,55.0199,1.288628,2.3421,12/22/16,12/29/16
ESGD,iShares Trust,58.4099,0.101408,0.1733,12/21/16,12/28/16
ESGE,iShares Inc.,59.5099,0.289834,0.4835,12/21/16,12/28/16
ESGG,FlexShares Trust,81.86,1.787024,2.183,12/22/16,12/29/16
ESND,Essendant Inc.,21.42,0.56,2.5866,12/13/16,1/13/17
ESSA,ESSA Bancorp Inc.,16.72,0.36,2.1726,12/14/16,12/30/16
EUFN,iShares Trust,19.6,0.195078,0.9838,12/21/16,12/28/16
EVBS,Eastern Virginia Bankshares Inc.,10.8,0.12,1.1278,2/15/17,3/3/17
EWBC,East West Bancorp Inc.,53.81,0.8,1.4782,1/30/17,2/15/17
EWZS,iShares Trust,14.27,0.497566,3.4917,12/21/16,12/28/16
EXPD,Expeditors International of Washington Inc.,56.5,0.8,1.4242,11/29/16,12/15/16
EXPE,Expedia Inc.,119.41,1.04,0.8678,11/15/16,12/8/16
EXPO,Exponent Inc.,58.3,0.72,1.2392,11/30/16,12/23/16
FAB,First Trust Exchange-Traded AlphaDEX Fund,52.35,1.0012,1.9137,12/21/16,12/30/16
FAD,First Trust Exchange-Traded AlphaDEX Fund,55.75,0.666,1.1981,12/21/16,12/30/16
FALN,iShares Trust,27.36,1.645812,6.0088,2/1/17,2/7/17
FAST,Fastenal Company,50.71,1.28,2.5291,1/30/17,2/28/17
FBIZ,First Business Financial Services Inc.,25.7,0.52,2.0376,2/8/17,2/24/17
FBMS,The First Bancshares Inc.,30.5,0.15,0.4934,2/2/17,2/24/17
FBNC,First Bancorp,30.95,0.32,1.0339,12/28/16,1/25/17
FBNK,First Connecticut Bancorp Inc.,24.35,0.36,1.4938,11/30/16,12/12/16
FBRC,FBR & Co,16.7,0.8,4.7478,2/15/17,3/3/17
FBSS,Fauquier Bankshares Inc.,17.55,0.48,2.735,12/14/16,1/3/17
FBZ,First Trust Exchange-Traded AlphDEX Fund II,16.63,0.2064,1.2396,12/21/16,12/30/16
FCA,First Trust Exchange-Traded AlphDEX Fund II,21.41,0.3004,1.4011,12/21/16,12/30/16
FCAP,First Capital Inc.,33,0.84,2.6111,12/14/16,12/30/16
FCBC,First Community Bancshares Inc.,27.66,0.64,2.298,2/1/17,2/17/17
FCCO,First Community Corporation,21.7,0.36,1.6744,1/26/17,2/13/17
FCCY,1st Constitution Bancorp (NJ),19.1,0.2,1.0471,12/29/16,1/25/17
FCEF,First Trust Exchange-Traded Fund VIII,20.8299,1.32,6.3553,1/20/17,1/31/17
FCNCA,First Citizens BancShares Inc.,367.8,1.2,0.3258,12/15/16,1/3/17
FCVT,First Trust Exchange-Traded Fund IV,26.9,0.36,1.3338,1/20/17,1/31/17
FDEF,First Defiance Financial Corp.,49.94,1,2.0317,2/15/17,2/24/17
FDIV,First Trust Exchange-Traded Fund IV,51.16,1.86,3.6421,1/20/17,1/31/17
FDT,First Trust Exchange-Traded AlphDEX Fund II,50.65,1.1236,2.2066,12/21/16,12/30/16
FDTS,First Trust Exchange-Traded AlphDEX Fund II,35.7,0.9692,2.7148,12/21/16,12/30/16
FDUS,Fidus Investment Corporation,16.6,1.56,9.375,11/30/16,12/16/16
FELE,Franklin Electric Co. Inc.,40.75,0.4,0.9709,1/31/17,2/16/17
FEM,First Trust Exchange-Traded AlphDEX Fund II,22.83,0.018,0.0784,12/21/16,12/30/16
FEMB,First Trust Exchange-Traded Fund III,41.8699,2.52,6,1/20/17,1/31/17
FEMS,First Trust Exchange-Traded AlphDEX Fund II,34.86,0.4392,1.252,12/21/16,12/30/16
FEX,First Trust Exchange-Traded AlphaDEX Fund,51.59,0.804,1.5609,12/21/16,12/30/16
FFBC,First Financial Bancorp.,28.4,0.64,2.2417,11/30/16,1/3/17
FFIC,Flushing Financial Corporation,28.93,0.68,2.3718,12/7/16,12/30/16
FFIN,First Financial Bankshares Inc.,43.75,0.72,1.6514,12/13/16,1/3/17
FFKT,Farmers Capital Bank Corporation,40.05,0.4,1.0013,11/29/16,1/1/17
FFNW,First Financial Northwest Inc.,20.53,0.24,1.1679,11/29/16,12/16/16
FGBI,First Guaranty Bancshares Inc.,24.85,0.64,2.6112,12/16/16,12/30/16
FHB,First Hawaiian Inc.,32.02,0.8,2.4845,11/23/16,12/9/16
FHK,First Trust Exchange-Traded AlphDEX Fund II,34.94,0.8084,2.3183,12/21/16,12/30/16
FIBK,First Interstate BancSystem Inc.,42.5,0.96,2.2695,1/26/17,2/10/17
FINL,The Finish Line Inc.,17.31,0.4,2.3108,11/22/16,12/12/16
FINQ,ETF Managers Trust,24.84,1.26092,5.0437,12/28/16,1/3/17
FISI,Financial Institutions Inc.,34.35,0.84,2.449,12/8/16,1/3/17
FITB,Fifth Third Bancorp,27.54,0.56,2.029,12/28/16,1/17/17
FITS,Janus Detroit Street Trust,25.2147,0.23428,0.9175,12/23/16,12/30/16
FJP,First Trust Exchange-Traded AlphDEX Fund II,50.11,1.9148,3.8242,12/21/16,12/30/16
FLAG,Exchange Traded Concepts Trust,39.41,0.659284,1.6771,12/20/16,12/23/16
FLIC,The First of Long Island Corporation,28.2,0.56,1.9718,12/29/16,1/13/17
FLIR,FLIR Systems Inc.,36.62,0.48,1.3187,11/16/16,12/2/16
FLXS,Flexsteel Industries Inc.,52.74,0.8,1.5546,12/14/16,1/4/17
FMB,First Trust Exchange-Traded Fund III,51.51,1.32,2.5621,1/20/17,1/31/17
FMBH,First Mid-Illinois Bancshares Inc.,33.13,0.32,0.9765,11/29/16,12/8/16
FMBI,First Midwest Bancorp Inc.,24.64,0.36,1.454,12/21/16,1/10/17
FMK,First Trust Exchange-Traded AlphaDEX Fund,29.57,0.4888,1.6548,12/21/16,12/30/16
FMNB,Farmers National Banc Corp.,14.15,0.16,1.1429,12/7/16,12/30/16
FNGN,Financial Engines Inc.,39.95,0.28,0.7062,12/12/16,1/6/17
FNHC,Federated National Holding Company,19.86,0.32,1.604,1/30/17,3/1/17
FNK,First Trust Exchange-Traded AlphaDEX Fund,33.989,0.6044,1.7771,12/21/16,12/30/16
FNLC,First Bancorp Inc (ME),27.98,0.92,3.3321,1/4/17,1/31/17
FNX,First Trust Exchange-Traded AlphaDEX Fund,59.02,0.8536,1.4475,12/21/16,12/30/16
FNY,First Trust Exchange-Traded AlphaDEX Fund,33.46,0.4604,1.3789,12/21/16,12/30/16
FONE,First Trust Exchange-Traded Fund II,44.18,0.6576,1.4846,12/21/16,12/30/16
FORR,Forrester Research Inc.,37.8,0.72,1.8799,12/5/16,12/21/16
FPA,First Trust Exchange-Traded AlphDEX Fund II,29.925,1.0996,3.6495,12/21/16,12/30/16
FPXI,First Trust Exchange-Traded Fund II,27.5624,0.464,1.6832,12/21/16,12/30/16
FRBA,First Bank,14.35,0.08,0.5797,2/8/17,2/28/17
FRED,Fred's Inc.,17.68,0.24,1.3644,11/29/16,12/15/16
FRME,First Merchants Corporation,41.09,0.6,1.4252,11/30/16,12/16/16
FSAM,Fifth Street Asset Management Inc.,5.35,0.5,9.434,12/28/16,1/13/17
FSBK,First South Bancorp Inc,12.3101,0.14,1.1419,2/3/17,2/17/17
FSBW,FS Bancorp Inc.,37.5004,0.4,1.0515,2/6/17,2/22/17
FSC,Fifth Street Finance Corp.,4.62,0.72,15.4176,2/13/17,2/28/17
FSFG,First Savings Financial Group Inc.,48.85,0.52,1.0757,11/30/16,12/30/16
FSFR,Fifth Street Senior Floating Rate Corp.,9.09,0.9,9.8576,2/13/17,2/28/17
FTA,First Trust Exchange-Traded AlphaDEX Fund,49.4643,0.844,1.7099,12/21/16,12/30/16
FTAG,First Trust Exchange-Traded Fund II,24.43,0.342,1.4005,12/21/16,12/30/16
FTC,First Trust Exchange-Traded AlphaDEX Fund,52.015,0.654,1.2589,12/21/16,12/30/16
FTCS,First Trust Exchange-Traded Fund,43.23,0.678,1.5727,12/21/16,12/30/16
FTHI,First Trust Exchange-Traded Fund VI,21.56,0.93,4.3155,1/20/17,1/31/17
FTLB,First Trust Exchange-Traded Fund VI,21.37,0.63,2.9451,1/20/17,1/31/17
FTR,Frontier Communications Corporation,3.29,0.42,12.766,12/13/16,12/30/16
FTRI,First Trust Exchange-Traded Fund II,11.4113,0.3592,3.1154,12/21/16,12/30/16
FTSL,First Trust Exchange-Traded Fund IV,48.56,1.68,3.4611,1/20/17,1/31/17
FTSM,First Trust Exchange-Traded Fund IV,59.98,0.72,1.2,1/20/17,1/31/17
FTXD,First Trust Exchange-Traded Fund VI,19.73,0.1828,0.9265,12/21/16,12/30/16
FTXG,First Trust Exchange-Traded Fund VI,20.362,0.24,1.1787,12/21/16,12/30/16
FTXH,First Trust Exchange-Traded Fund VI,19.8,0.1368,0.6909,12/21/16,12/30/16
FTXL,First Trust Exchange-Traded Fund VI,24.5436,0.1096,0.4492,12/21/16,12/30/16
FTXN,First Trust Exchange-Traded Fund VI,21.3954,0.1748,0.817,12/21/16,12/30/16
FTXO,First Trust Exchange-Traded Fund VI,27.39,0.1716,0.6226,12/21/16,12/30/16
FTXR,First Trust Exchange-Traded Fund VI,23.8336,0.2148,0.9042,12/21/16,12/30/16
FULT,Fulton Financial Corporation,19.1,0.4,2.0942,12/29/16,1/13/17
FUSB,First US Bancshares Inc.,14.39,0.08,0.5548,12/7/16,1/3/17
FV,First Trust Exchange-Traded Fund VI,24.26,0.4984,2.0587,12/21/16,12/30/16
FVC,First Trust Exchange-Traded Fund VI,22.59,0.434,1.928,12/21/16,12/30/16
FWRD,Forward Air Corporation,50.08,0.6,1.2002,11/21/16,12/9/16
FYC,First Trust Exchange-Traded AlphaDEX Fund,36.4902,0.2648,0.7259,12/21/16,12/30/16
FYT,First Trust Exchange-Traded AlphaDEX Fund,34.9,0.8908,2.5532,12/21/16,12/30/16
FYX,First Trust Exchange-Traded AlphaDEX Fund,55.23,1.0292,1.8642,12/21/16,12/30/16
GABC,German American Bancorp Inc.,49.53,0.76,1.5435,2/8/17,2/20/17
GARS,Garrison Capital Inc.,9.81,1.12,11.3937,12/7/16,12/23/16
GBCI,Glacier Bancorp Inc.,36.63,0.8,2.1686,12/2/16,12/15/16
GBDC,Golub Capital BDC Inc.,18.71,1.28,6.8928,12/8/16,12/29/16
GBNK,Guaranty Bancorp,24.7,0.5,2.008,2/16/17,2/28/17
GCBC,Greene County Bancorp Inc.,23.55,0.38,1.6889,2/13/17,2/28/17
GENY,Principal Exchange-Traded Funds,26.2238,0.136,0.5209,12/28/16,1/4/17
GFED,Guaranty Federal Bancshares Inc.,20.27,0.4,1.9704,12/29/16,1/13/17
GIFI,Gulf Island Fabrication Inc.,13.15,0.04,0.3042,11/8/16,11/23/16
GILD,Gilead Sciences Inc.,69.85,1.88,2.6739,12/13/16,12/29/16
GK,G&K Services Inc.,94.49,1.56,1.6475,11/28/16,12/16/16
GLBZ,Glen Burnie Bancorp,12.24,0.4,3.268,1/19/17,2/3/17
GLDI,Credit Suisse AG,9.45,0.87,9.1099,2/17/17,2/27/17
GLNG,Golar LNG Limited,26.57,0.2,0.7477,12/12/16,1/6/17
GLPI,Gaming and Leisure Properties Inc.,31.88,2.4,7.5543,12/1/16,12/16/16
GMLP,Golar LNG Partners LP,23.67,2.31,9.7263,2/3/17,2/14/17
GNMA,iShares Trust,49.72,0.892464,1.7982,2/1/17,2/7/17
GNRX,VanEck Vectors ETF Trust,22.54,0.097,0.4303,12/19/16,12/23/16
GNTX,Gentex Corporation,20.62,0.36,1.7544,1/4/17,1/18/17
GOV,Government Properties Income Trust,19.57,1.72,8.798,1/19/17,2/23/17
GPP,Green Plains Partners LP,19.7,1.72,8.7089,2/1/17,2/14/17
GPRE,Green Plains Inc.,23.8,0.48,2.0211,11/22/16,12/16/16
GRID,First Trust Exchange-Traded Fund II,41.02,0.4732,1.143,12/21/16,12/30/16
GROW,U.S. Global Investors Inc.,1.79,0.03,1.6129,2/9/17,2/27/17
GSBC,Great Southern Bancorp Inc.,51.5,0.88,1.7238,12/30/16,1/13/17
GT,The Goodyear Tire & Rubber Company,36.07,0.4,1.1062,1/30/17,3/1/17
GTWN,Georgetown Bancorp Inc.,25.8,0.2,0.7737,2/1/17,2/17/17
GULF,WisdomTree Trust,18.08,0.01952,0.1092,12/23/16,12/30/16
GWRS,Global Water Resources Inc.,8.7,0.27,3.1214,2/10/17,2/28/17
HAFC,Hanmi Financial Corporation,33.65,0.76,2.2386,2/3/17,2/23/17
HAS,Hasbro Inc.,98.5,2.04,2.0893,1/30/17,2/15/17
HAYN,Haynes International Inc.,41.83,0.88,2.1118,11/29/16,12/15/16
HBAN,Huntington Bancshares Incorporated,14.13,0.32,2.2583,12/16/16,1/2/17
HBCP,Home Bancorp Inc.,36.7,0.52,1.4404,2/2/17,2/17/17
HBHC,Hancock Holding Company,46.8,0.96,2.0426,12/1/16,12/15/16
HBNC,Horizon Bancorp (IN),26.25,0.44,1.6667,1/4/17,1/20/17
HCAP,Harvest Capital Credit Corporation,14.03,1.35,9.4472,2/14/17,2/23/17
HCSG,Healthcare Services Group Inc.,41.55,0.745,1.7909,2/15/17,3/24/17
HDNG,Hardinge Inc.,11,0.08,0.7299,11/29/16,12/9/16
HEES,H&E Equipment Services Inc.,24.33,1.1,4.4409,11/17/16,12/9/16
HEOP,Heritage Oaks Bancorp,13.81,0.24,1.7442,2/13/17,2/28/17
HFBC,HopFed Bancorp Inc.,15.01,0.16,1.0695,12/29/16,1/20/17
HFBL,Home Federal Bancorp Inc. of Louisiana,28,0.36,1.2857,1/19/17,2/6/17
HFWA,Heritage Financial Corporation,25.25,0.48,1.8787,2/7/17,2/23/17
HIFS,Hingham Institution for Savings,188.8,1.28,0.6772,1/4/17,1/18/17
HNNA,Hennessy Advisors Inc.,27.78,0.45,1.6049,2/8/17,3/6/17
HNRG,Hallador Energy Company,9.25,0.16,1.7003,1/27/17,2/17/17
HOFT,Hooker Furniture Corporation,33.15,0.48,1.4568,12/13/16,12/30/16
HOLI,Hollysys Automation Technologies Ltd.,17.42,0.2,1.1635,10/24/16,11/11/16
HOMB,Home BancShares Inc.,28.01,0.36,1.2802,2/6/17,3/1/17
HOPE,Hope Bancorp Inc.,21.63,0.48,2.2253,2/1/17,2/17/17
HRZN,Horizon Technology Finance Corporation,11.55,1.2,10.3004,2/17/17,3/15/17
HSII,Heidrick & Struggles International Inc.,21.8,0.52,2.3744,2/1/17,2/17/17
HSNI,HSN Inc.,35.95,1.4,3.8943,12/5/16,12/20/16
HTBK,Heritage Commerce Corp,14.21,0.4,2.7797,2/8/17,2/24/17
HTLD,Heartland Express Inc.,20.53,0.08,0.385,12/2/16,12/16/16
HTLF,Heartland Financial USA Inc.,49.1,0.44,0.9007,2/15/17,3/3/17
HURC,Hurco Companies Inc.,28,0.36,1.2654,12/23/16,1/9/17
HWBK,Hawthorn Bancshares Inc.,19.95,0.24,1.2035,12/13/16,1/1/17
HYLS,First Trust Exchange-Traded Fund IV,48.89,2.46,5.0348,1/20/17,1/31/17
HYND,WisdomTree Trust,21.1798,1.08,5.0432,2/17/17,2/24/17
HYXE,iShares Trust,51.85,3.027456,5.8389,2/1/17,2/7/17
HYZD,WisdomTree Trust,23.91,1.32,5.4977,2/17/17,2/24/17
IBB,iShares Trust,294.35,0.367612,0.1255,12/22/16,12/29/16
IBCP,Independent Bank Corporation,21.55,0.4,1.8519,2/6/17,2/15/17
IBKC,IBERIABANK Corporation,85.25,1.44,1.6686,12/28/16,1/27/17
IBKR,Interactive Brokers Group Inc.,38.69,0.4,1.0304,11/29/16,12/14/16
IBTX,Independent Bank Group Inc,66.3,0.4,0.5997,2/2/17,2/16/17
ICBK,County Bancorp Inc.,28,0.2,0.7115,11/30/16,12/16/16
ICLN,iShares Trust,8.73,0.290042,3.3262,12/22/16,12/29/16
IDCC,InterDigital Inc.,99.6,1.2,1.2006,1/9/17,1/25/17
IDLB,PowerShares Exchange-Traded Fund Trust II,25.54,1.05844,4.1442,12/16/16,12/30/16
IEUS,iShares Trust,46.27,0.571008,1.2267,12/21/16,12/28/16
IFGL,iShares Trust,27.43,5.19046,18.9088,12/22/16,12/29/16
IFV,First Trust Exchange-Traded Fund VI,19.19,0.1256,0.6511,12/21/16,12/30/16
IGF,iShares Trust,40.325,1.067466,2.6396,12/22/16,12/29/16
IGOV,iShares Trust,90.24,0.261444,0.2883,2/1/17,2/7/17
IIIN,Insteel Industries Inc.,37.46,0.12,0.3153,12/12/16,1/6/17
ILG,ILG Inc,18.98,0.48,2.5144,12/2/16,12/20/16
IMED,ETF Managers Trust,24.78,0.60016,2.4678,12/28/16,1/3/17
IMKTA,Ingles Markets Incorporated,46.8,0.66,1.4209,1/4/17,1/12/17
INBK,First Internet Bancorp,31.55,0.24,0.7692,12/28/16,1/17/17
INDB,Independent Bank Corp.,63.8,1.16,1.8225,12/21/16,1/6/17
INDY,iShares Trust,30.05,0.058762,0.1957,12/22/16,12/29/16
INTC,Intel Corporation,36.48,1.04,2.8564,2/3/17,3/1/17
INTU,Intuit Inc.,119.86,1.36,1.1406,1/6/17,1/18/17
IOSP,Innospec Inc.,70.6,0.68,0.9735,11/10/16,11/24/16
IPAR,Inter Parfums Inc.,35.4,0.68,1.9484,12/28/16,1/13/17
IPCC,Infinity Property and Casualty Corporation,89,2.08,2.324,12/7/16,12/23/16
IPHS,Innophos Holdings Inc.,49.67,1.92,3.8647,11/16/16,12/2/16
IPKW,PowerShares Exchange-Traded Fund Trust II,30.395,1.0674,3.4917,12/16/16,12/30/16
ISBC,Investors Bancorp Inc.,14.9,0.32,2.152,2/8/17,2/24/17
ISIL,Intersil Corporation,22.18,0.48,2.1622,2/10/17,2/24/17
ISTR,Investar Holding Corporation,20.2,0.0484,0.2408,12/30/16,1/31/17
ITEQ,ETF Managers Trust,27.15,0.3674,1.3592,12/28/16,1/3/17
ITIC,Investors Title Company,134.86,0.8,0.5977,11/29/16,12/15/16
IXUS,iShares Trust,53.61,1.093238,2.0328,12/21/16,12/28/16
JACK,Jack In The Box Inc.,107.46,1.6,1.4639,12/1/16,12/16/16
JBHT,J.B. Hunt Transport Services Inc.,101.04,0.92,0.9135,2/8/17,2/24/17
JCOM,j2 Global Inc.,82.31,1.46,1.7321,2/17/17,3/9/17
JCS,Communications Systems Inc.,4.72,0.16,3.397,12/13/16,1/3/17
JJSF,J & J Snack Foods Corp.,129.85,1.68,1.293,12/19/16,1/11/17
JKHY,Jack Henry & Associates Inc.,92.53,1.12,1.2142,11/29/16,12/16/16
JKI,iShares Trust,150.02,3.391456,2.2562,12/21/16,12/28/16
JOUT,Johnson Outdoors Inc.,33.76,0.36,1.0698,1/10/17,1/26/17
JRVR,James River Group Holdings Ltd.,43.89,1.2,1.81,12/14/16,12/29/16
JSMD,Janus Detroit Street Trust,32.4755,0.306488,0.9454,12/23/16,12/30/16
JSML,Janus Detroit Street Trust,31.0352,0.554776,1.7876,12/23/16,12/30/16
JXSB,Jacksonville Bancorp Inc.,30.01,0.4,1.3329,12/21/16,1/4/17
KALU,Kaiser Aluminum Corporation,82.07,2,2.4319,1/25/17,2/15/17
KBAL,Kimball International Inc.,16.56,0.24,1.4502,12/21/16,1/13/17
KBWB,PowerShares Exchange-Traded Fund Trust II,49.6,1.06056,2.1331,12/16/16,12/30/16
KBWD,PowerShares Exchange-Traded Fund Trust II,24.1201,2.01,8.2512,2/15/17,2/28/17
KBWP,PowerShares Exchange-Traded Fund Trust II,57.7,2.34108,4.0496,12/16/16,12/30/16
KBWR,PowerShares Exchange-Traded Fund Trust II,56.99,1.3556,2.372,12/16/16,12/30/16
KBWY,PowerShares Exchange-Traded Fund Trust II,37.95,2.44776,6.4279,2/15/17,2/28/17
KCAP,KCAP Financial Inc.,4.04,0.48,11.8227,1/4/17,1/27/17
KELYA,Kelly Services Inc.,21.99,0.3,1.368,11/21/16,12/8/16
KELYB,Kelly Services Inc.,21.5,0.3,1.3953,11/21/16,12/8/16
KEQU,Kewaunee Scientific Corporation,25.35,0.6,2.3622,12/1/16,12/19/16
KFFB,Kentucky First Federal Bancorp,9.9779,0.4,4.0193,1/27/17,2/14/17
KFRC,Kforce Inc.,25.2,0.48,1.901,12/7/16,12/23/16
KHC,The Kraft Heinz Company,96.65,2.4,2.7498,11/30/16,12/16/16
KINS,Kingstone Companies Inc,13.65,0.25,1.9011,11/28/16,12/15/16
KLAC,KLA-Tencor Corporation,88.46,2.16,2.4399,2/13/17,3/1/17
KNSL,Kinsale Capital Group Inc.,29.71,0.24,0.8141,2/13/17,3/15/17
KRNY,Kearny Financial,15.6,0.08,0.5161,11/28/16,12/14/16
KWEB,KraneShares Trust,40.01,0.827146,2.0525,12/20/16,12/23/16
LABL,Multi-Color Corporation,71.55,0.2,0.2825,2/13/17,3/1/17
LALT,PowerShares Actively Managed Exchange-Traded Fund Trust,22.5826,0.34499,1.5244,12/16/16,12/30/16
LAMR,Lamar Advertising Company,78.1,3.04,3.8751,12/15/16,12/30/16
LANC,Lancaster Colony Corporation,132.65,2.2,1.6524,12/7/16,12/30/16
LAND,Gladstone Land Corporation,12.25,0.516,4.1313,2/14/17,2/28/17
LARK,Landmark Bancorp Inc.,29.251,0.8,2.6828,2/13/17,3/1/17
LBAI,Lakeland Bancorp Inc.,20.05,0.38,1.9095,2/3/17,2/17/17
LCNB,LCNB Corporation,23.95,0.64,2.6891,11/29/16,12/15/16
LCUT,Lifetime Brands Inc.,14.7,0.17,1.1724,1/30/17,2/15/17
LDRI,PowerShares Exchange-Traded Fund Trust II,24.9378,0.42984,1.7207,2/15/17,2/28/17
LECO,Lincoln Electric Holdings Inc.,85.43,1.4,1.6359,12/28/16,1/13/17
LFUS,Littelfuse Inc.,163.41,1.32,0.8132,11/21/16,12/8/16
LION,Fidelity Southern Corporation,24.02,0.48,1.9925,2/1/17,2/15/17
LKFN,Lakeland Financial Corporation,45.93,0.76,1.6641,1/23/17,2/6/17
LKOR,FlexShares Trust,50.33,2.076036,4.1405,2/1/17,2/7/17
LLTC,Linear Technology Corporation,64.92,1.28,1.9753,11/16/16,11/30/16
LMAT,LeMaitre Vascular Inc.,23.8,0.18,0.7762,11/17/16,12/5/16
LMBS,First Trust Exchange-Traded Fund IV,52.3,1.41,2.6986,1/20/17,1/31/17
LMNR,Limoneira Co,18.36,0.22,1.2121,12/22/16,1/17/17
LMRK,Landmark Infrastructure Partners LP,15.5,1.4,8.9744,2/2/17,2/15/17
LNCE,Snyder's-Lance Inc.,39,0.64,1.6268,11/17/16,11/29/16
LNGR,Global X Funds,16.42,0.161273,0.9822,12/28/16,1/6/17
LOAN,Manhattan Bridge Capital Inc,6.2,0.4,6.1538,12/28/16,1/17/17
LOB,Live Oak Bancshares Inc.,23,0.08,0.3471,12/12/16,12/22/16
LPLA,LPL Financial Holdings Inc.,40.53,1,2.4759,11/14/16,11/30/16
LRCX,Lam Research Corporation,114.9,1.8,1.5711,12/12/16,1/4/17
LSBK,Lake Shore Bancorp Inc.,15.91,0.28,1.7599,11/8/16,11/21/16
LSTR,Landstar System Inc.,87.25,0.36,0.4131,2/15/17,3/17/17
LTXB,LegacyTexas Financial Group Inc.,42.53,0.6,1.3989,2/2/17,2/17/17
LVHD,Legg Mason ETF Investment Trust,29.52,0.947372,3.2103,12/23/16,12/30/16
LYTS,LSI Industries Inc.,9.95,0.2,2.0408,2/2/17,2/14/17
MANT,ManTech International Corporation,40.46,0.84,2.0772,12/7/16,12/23/16
MAR,Marriott International,89.36,1.2,1.3417,11/21/16,12/30/16
MAT,Mattel Inc.,26.1,1.52,5.9213,2/14/17,3/3/17
MATW,Matthews International Corporation,67.95,0.68,1.0022,2/2/17,2/20/17
MBCN,Middlefield Banc Corp.,42,1.08,2.6634,11/23/16,12/15/16
MBFI,MB Financial Inc.,45.2,0.76,1.6799,12/13/16,12/30/16
MBRG,Middleburg Financial Corporation,35.59,0.52,1.4664,2/8/17,2/24/17
MBSD,FlexShares Trust,24.1448,0.729588,3.0324,2/1/17,2/7/17
MBTF,M B T Financial Corp,11,0.2,27.6498,2/10/17,2/21/17
MBVT,Merchants Bancshares Inc.,51.85,1.12,2.1559,2/7/17,2/23/17
MBWM,Mercantile Bank Corporation,33.45,0.68,2.0538,12/7/16,12/21/16
MCBC,Macatawa Bank Corporation,10.19,0.16,1.5748,2/9/17,2/28/17
MCEF,First Trust Exchange-Traded Fund VIII,18.5,0.72,3.8919,1/20/17,1/31/17
MCHI,iShares Trust,49.01,0.841788,1.7096,12/21/16,12/28/16
MCHP,Microchip Technology Incorporated,71.68,1.444,2.0137,2/16/17,3/7/17
MDIV,First Trust Exchange-Traded Fund VI,19.71,0.7836,3.9696,1/20/17,1/31/17
MDLZ,Mondelez International Inc.,42.5,0.76,1.7593,12/28/16,1/12/17
MELI,MercadoLibre Inc.,198.43,0.6,0.303,12/28/16,1/16/17
MENT,Mentor Graphics Corporation,36.92,0.22,0.5962,12/6/16,1/3/17
MEOH,Methanex Corporation,50.55,1.1,2.2392,12/14/16,12/31/16
MERC,Mercer International Inc.,12.5,0.46,3.7398,12/20/16,1/4/17
MFIN,Medallion Financial Corp.,2.32,0.2,8.8889,11/28/16,12/7/16
MFNC,Mackinac Financial Corporation,13.5822,0.4,2.945,12/23/16,1/9/17
MFSF,MutualFirst Financial Inc.,31.45,0.64,2.0847,12/7/16,12/23/16
MGEE,MGE Energy Inc.,63.45,1.23,1.9401,11/29/16,12/15/16
MGPI,MGP Ingredients Inc.,44.05,0.08,0.1826,11/9/16,12/8/16
MGRC,McGrath RentCorp,38.78,1.02,2.6329,1/12/17,1/31/17
MHLD,Maiden Holdings Ltd.,16.75,0.6,3.5294,12/29/16,1/17/17
MILN,Global X Funds,16.4501,0.049647,0.3024,12/28/16,1/6/17
MINI,Mobile Mini Inc.,33.4,0.824,2.4451,11/7/16,11/30/16
MKSI,MKS Instruments Inc.,67.4,0.68,1.0097,11/23/16,12/9/16
MKTX,MarketAxess Holdings Inc.,193.08,1.32,0.6886,2/7/17,2/23/17
MLAB,Mesa Laboratories Inc.,123.02,0.64,0.5237,11/28/16,12/15/16
MLHR,Herman Miller Inc.,30.15,0.68,2.2368,11/30/16,1/15/17
MMLP,Martin Midstream Partners L.P.,18.7,2,10.7239,2/3/17,2/14/17
MNRO,Monro Muffler Brake Inc.,57.6,0.68,1.1826,12/9/16,12/23/16
MOCO,MOCON Inc.,19.9,0.44,2.2034,2/8/17,2/24/17
MOFG,MidWestOne Financial Group Inc.,36.45,0.64,1.7372,11/29/16,12/15/16
MORN,Morningstar Inc.,79.93,0.92,1.1578,1/4/17,1/31/17
MPB,Mid Penn Bancorp,26.45,0.52,1.9697,2/6/17,2/27/17
MPCT,iShares Trust,50.42,0.82132,1.629,12/21/16,12/28/16
MPWR,Monolithic Power Systems Inc.,86.52,0.8,0.9285,12/28/16,1/13/17
MRCC,Monroe Capital Corporation,15.79,1.4,8.8384,12/13/16,12/30/16
MRLN,Marlin Business Services Corp.,24.15,0.56,2.3285,2/2/17,2/16/17
MRTN,Marten Transport Ltd.,23.9,0.1,0.4167,12/12/16,12/28/16
MRVL,Marvell Technology Group Ltd.,15.81,0.24,1.5199,12/2/16,12/28/16
MSBI,Midland States Bancorp Inc.,35.14,0.8,2.2989,2/15/17,2/24/17
MSEX,Middlesex Water Company,35.5,0.845,2.3343,2/9/17,3/1/17
MSFG,MainSource Financial Group Inc.,34.63,0.64,1.8567,12/1/16,12/15/16
MSFT,Microsoft Corporation,64.62,1.56,2.4179,2/14/17,3/9/17
MTGE,MTGE Investment Corp.,16,1.6,9.8462,12/28/16,1/27/17
MTSC,MTS Systems Corporation,56.15,1.2,2.1505,12/15/16,1/3/17
MXIM,Maxim Integrated Products Inc.,45.11,1.32,2.9314,11/29/16,12/15/16
NATI,National Instruments Corporation,32.07,0.84,2.6316,2/9/17,3/6/17
NATR,Nature's Sunshine Products Inc.,12,0.4,3.3755,11/21/16,12/5/16
NAUH,National American University Holdings Inc.,2.49,0.18,7.2522,12/28/16,1/13/17
NAVG,The Navigators Group Inc.,55.85,0.18,0.3155,11/16/16,12/29/16
NAVI,Navient Corporation,15.45,0.64,4.1317,11/30/16,12/16/16
NBN,Northeast Bancorp,13.85,0.04,0.2899,2/13/17,2/28/17
NBTB,NBT Bancorp Inc.,41.37,0.92,2.2201,11/29/16,12/15/16
NCMI,National CineMedia Inc.,12.68,0.88,6.8589,11/16/16,12/2/16
NDAQ,Nasdaq Inc.,71.51,1.28,1.7942,12/14/16,12/30/16
NDSN,Nordson Corporation,119.95,1.08,0.9062,2/16/17,3/7/17
NEWT,Newtek Business Services Corp.,16.2,1.6,9.9317,12/13/16,12/30/16
NFBK,Northfield Bancorp Inc.,18.35,0.32,1.7525,2/6/17,2/22/17
NGHC,National General Holdings Corp,25.28,0.16,0.6352,12/29/16,1/17/17
NKSH,National Bankshares Inc.,40.35,1.22,3.0123,11/17/16,12/1/16
NNBR,NN Inc.,20,0.28,1.3965,2/15/17,3/3/17
NRCIA,National Research Corporation,17.5,0.4,2.3188,12/28/16,1/13/17
NRCIB,National Research Corporation,39.88,2.4,5.9687,12/28/16,1/13/17
NRIM,Northrim BanCorp Inc,30.25,0.8,2.6936,12/6/16,12/16/16
NSEC,National Security Group Inc.,16.4492,0.2,1.2539,2/2/17,2/28/17
NTAP,NetApp Inc.,40.17,0.76,1.8738,1/4/17,1/25/17
NTRI,NutriSystem Inc,36.45,0.7,1.9553,11/3/16,11/17/16
NTRS,Northern Trust Corporation,87.2,1.52,1.7403,11/30/16,1/1/17
NUTR,Nutraceutical International Corporation,34.9,0.5,1.4577,12/16/16,1/5/17
NVDA,NVIDIA Corporation,107.23,0.56,0.5221,11/23/16,12/19/16
NVEC,NVE Corporation,74.95,4,5.3583,1/26/17,2/28/17
NWBI,Northwest Bancshares Inc.,17.96,0.64,3.5834,1/31/17,2/16/17
NWFL,Norwood Financial Corp.,39,1.28,3.2487,1/11/17,2/1/17
NWLI,National Western Life Group Inc.,313.2,0.36,0.1157,11/7/16,12/2/16
NXST,Nexstar Media Group Inc.,67.8,1.2,1.7634,2/8/17,2/24/17
NYMT,New York Mortgage Trust Inc.,6.52,0.96,14.4144,12/22/16,1/26/17
OCFC,OceanFirst Financial Corp.,29.44,0.6,2.0429,2/2/17,2/17/17
ODP,Office Depot Inc.,4.54,0.1,2.2371,11/22/16,12/15/16
OFED,Oconee Federal Financial Corp.,23.25,0.4,1.7204,2/7/17,2/23/17
OFS,OFS Capital Corporation,14.5,1.36,9.3923,12/14/16,12/30/16
OKSB,Southwest Bancorp Inc.,27.9,0.32,1.147,2/1/17,2/17/17
OLBK,Old Line Bancshares Inc.,28.8,0.24,0.8362,12/14/16,12/30/16
OLD,Janus Detroit Street Trust,24.036,1.041436,4.2946,12/23/16,12/30/16
ONB,Old National Bancorp,18.7,0.52,2.7807,11/29/16,12/15/16
ONEQ,Fidelity Nasdaq Composite Index Tracking Stock,229.94,2.88,1.2593,12/16/16,12/22/16
OPOF,Old Point Financial Corporation,28.45,0.4,1.406,11/28/16,12/30/16
ORG,Janus Detroit Street Trust,24.6592,0.13032,0.5278,12/23/16,12/30/16
ORIT,Oritani Financial Corp.,17.25,0.7,4.058,2/1/17,2/17/17
ORRF,Orrstown Financial Services Inc,23.2,0.4,1.7354,2/8/17,2/17/17
OSBC,Old Second Bancorp Inc.,10.85,0.04,0.3687,1/25/17,2/6/17
OTEX,Open Text Corporation,33.54,0.46,1.3545,11/30/16,12/22/16
OTTR,Otter Tail Corporation,37.75,1.28,3.364,2/13/17,3/10/17
OVBC,Ohio Valley Banc Corp.,28.3512,0.84,2.9474,1/25/17,2/10/17
OVLY,Oak Valley Bancorp (CA),14.82,0.25,1.6869,1/26/17,2/9/17
OXLC,Oxford Lane Capital Corp.,11.47,2.4,20.7792,12/14/16,12/30/16
OZRK,Bank of the Ozarks,55.11,0.68,1.2243,1/18/17,1/27/17
PAAS,Pan American Silver Corp.,19.34,0.05,0.2554,11/22/16,12/6/16
PACW,PacWest Bancorp,55.58,2,3.5759,2/16/17,2/28/17
PAGG,PowerShares Exchange-Traded Fund Trust II,25.8499,1.026,3.9695,12/16/16,12/30/16
PAHC,Phibro Animal Health Corporation,29.15,0.4,1.3445,11/28/16,12/21/16
PAYX,Paychex Inc.,59.13,1.84,3.093,1/30/17,2/15/17
PBBI,PB Bancorp Inc.,10.85,0.12,1.106,1/13/17,2/1/17
PBCT,People's United Financial Inc.,19.19,0.68,3.527,1/30/17,2/15/17
PBHC,Pathfinder Bancorp Inc.,15.09,0.2,1.3459,1/11/17,2/3/17
PBIP,Prudential Bancorp Inc.,17.48,0.12,0.683,12/6/16,12/22/16
PBSK,Poage Bankshares Inc.,20.2,0.24,1.1881,2/1/17,2/13/17
PCAR,PACCAR Inc.,68.85,0.96,1.397,2/10/17,3/7/17
PCBK,Pacific Continental Corporation (Ore),25.75,0.44,1.7154,2/7/17,2/23/17
PCH,Potlatch Corporation,44.15,1.5,3.4404,12/9/16,12/30/16
PCTI,PC-Tel Inc.,5.69,0.2,3.5714,2/6/17,2/15/17
PDBC,PowerShares Actively Managed Exchange-Traded Commodity Fd Trus,17.21,1.12416,6.5169,12/16/16,12/30/16
PDCO,Patterson Companies Inc.,44.08,0.96,2.1923,1/11/17,1/27/17
PDP,PowerShares Exchange-Traded Fund Trust,44.89,0.77472,1.7308,12/16/16,12/30/16
PEBK,Peoples Bancorp of North Carolina Inc.,27.26,0.4,1.4853,11/30/16,12/15/16
PEBO,Peoples Bancorp Inc.,32.87,0.8,2.4125,2/3/17,2/22/17
PEGA,Pegasystems Inc.,40.65,0.12,0.2948,12/28/16,1/16/17
PEGI,Pattern Energy Group Inc.,20.59,1.632,7.9262,12/28/16,1/31/17
PETS,PetMed Express Inc.,21.19,0.76,3.59,2/2/17,2/17/17
PEY,PowerShares Exchange-Traded Fund Trust,17.03,0.45912,2.6833,2/15/17,2/28/17
PEZ,PowerShares Exchange-Traded Fund Trust,43.38,0.29372,0.676,12/16/16,12/30/16
PFBC,Preferred Bank,56.97,0.72,1.2719,1/4/17,1/20/17
PFBI,Premier Financial Bancorp Inc.,19.58,0.6,3.0896,12/13/16,12/30/16
PFI,PowerShares Exchange-Traded Fund Trust,32,1.5674,4.889,12/16/16,12/30/16
PFIN,P & F Industries Inc.,8.45,0.2,2.356,2/2/17,2/10/17
PFIS,Peoples Financial Services Corp. ,44.25,1.24,2.8904,11/28/16,12/15/16
PFLT,PennantPark Floating Rate Capital Ltd.,13.67,1.14,8.3272,2/15/17,3/1/17
PFM,PowerShares Exchange-Traded Fund Trust,23.67,0.9352,3.9644,12/16/16,12/30/16
PGC,Peapack-Gladstone Financial Corporation,32.59,0.2,0.6154,2/7/17,2/23/17
PGJ,PowerShares Exchange-Traded Fund Trust,32.72,1.92268,5.8429,12/16/16,12/30/16
PHO,PowerShares Exchange-Traded Fund Trust,25.77,0.30516,1.1846,12/16/16,12/30/16
PID,PowerShares Exchange-Traded Fund Trust,14.975,0.71436,4.7624,12/16/16,12/30/16
PIE,PowerShares Exchange-Traded Fund Trust II,16.14,0.38016,2.3583,12/16/16,12/30/16
PIO,PowerShares Exchange-Traded Fund Trust II,21.84,0.45368,2.0697,12/16/16,12/30/16
PIZ,PowerShares Exchange-Traded Fund Trust II,22.73,0.66752,2.9258,12/16/16,12/30/16
PKBK,Parke Bancorp Inc.,21.55,0.4,1.8648,1/12/17,1/31/17
PKOH,Park-Ohio Holdings Corp.,45.2,0.5,1.1223,2/13/17,3/1/17
PKW,PowerShares Exchange-Traded Fund Trust,52.57,1.26024,2.4041,12/16/16,12/30/16
PLBC,Plumas Bancorp,19.5,0.2,1.061,11/3/16,11/21/16
PLCE,Children's Place Inc. (The),100.25,0.8,0.8028,12/14/16,1/5/17
PLPC,Preformed Line Products Company,53.04,0.8,1.499,12/29/16,1/20/17
PLW,PowerShares Exchange-Traded Fund Trust II,32.04,0.65244,2.0427,2/15/17,2/28/17
PMD,Psychemedics Corporation,20.2,0.6,2.9732,2/14/17,2/27/17
PMTS,CPI Card Group Inc.,4.9,0.18,3.7113,12/14/16,1/12/17
PNFP,Pinnacle Financial Partners Inc.,70.6,0.56,0.7882,2/1/17,2/24/17
PNNT,PennantPark Investment Corporation,8.52,1.12,13.3333,12/20/16,1/3/17
POOL,Pool Corporation,116.61,1.24,1.084,11/7/16,11/23/16
POWI,Power Integrations Inc.,65.75,0.52,0.7897,11/28/16,12/30/16
POWL,Powell Industries Inc.,34.12,1.04,3.0778,2/13/17,3/15/17
PPH,VanEck Vectors ETF Trust,55.25,0.5796,1.0534,12/28/16,1/4/17
PRFZ,PowerShares Exchange-Traded Fund Trust,118.47,3.36692,2.8379,12/16/16,12/30/16
PRGS,Progress Software Corporation,29.25,0.5,1.7164,11/29/16,12/15/16
PRIM,Primoris Services Corporation,25.3,0.22,0.8675,12/28/16,1/16/17
PRN,PowerShares Exchange-Traded Fund Trust,52.32,0.59752,1.1377,12/16/16,12/30/16
PROV,Provident Financial Holdings Inc.,18.88,0.52,2.7297,2/13/17,3/8/17
PSAU,PowerShares Exchange-Traded Fund Trust II,21.02,0.8024,3.7513,12/16/16,12/30/16
PSC,Principal Exchange-Traded Funds,28.4883,0.381924,1.3401,12/28/16,1/4/17
PSCC,PowerShares Exchange-Traded Fund Trust II,68.53,3.03744,4.442,12/16/16,12/30/16
PSCD,PowerShares Exchange-Traded Fund Trust II,51.61,1.32832,2.5837,12/16/16,12/30/16
PSCE,PowerShares Exchange-Traded Fund Trust II,20.12,0.07668,0.3763,12/16/16,12/30/16
PSCF,PowerShares Exchange-Traded Fund Trust II,52.95,0.86996,1.6396,12/27/16,12/30/16
PSCH,PowerShares Exchange-Traded Fund Trust II,78.29,0.07796,0.1002,12/16/16,12/30/16
PSCI,PowerShares Exchange-Traded Fund Trust II,56.67,0.88916,1.5605,12/16/16,12/30/16
PSCM,PowerShares Exchange-Traded Fund Trust II,47.73,0.67056,1.3964,12/16/16,12/30/16
PSCT,PowerShares Exchange-Traded Fund Trust II,74.09,0.52696,0.7094,12/16/16,12/30/16
PSCU,PowerShares Exchange-Traded Fund Trust II,47.52,7.04204,14.7663,12/27/16,12/30/16
PSEC,Prospect Capital Corporation,9.44,0.99996,10.5928,1/27/17,2/16/17
PSET,Principal Exchange-Traded Funds,27.1599,0.44,1.62,12/28/16,1/4/17
PSL,PowerShares Exchange-Traded Fund Trust,56.45,2.60124,4.6162,12/16/16,12/30/16
PSMT,PriceSmart Inc.,90.1,0.7,0.7878,2/13/17,2/28/17
PSTB,Park Sterling Corporation,12.02,0.16,1.3223,2/3/17,2/22/17
PTEN,Patterson-UTI Energy Inc.,27.43,0.08,0.2882,12/6/16,12/22/16
PTF,PowerShares Exchange-Traded Fund Trust,43.3501,0.41736,0.9661,12/16/16,12/30/16
PTXP,PennTex Midstream Partners LP,15.91,1.18,7.3796,2/3/17,2/14/17
PUB,People's Utah Bancorp,26.25,0.32,1.2237,2/2/17,2/13/17
PUI,PowerShares Exchange-Traded Fund Trust,26.36,1.68384,6.3976,12/16/16,12/30/16
PVTB,PrivateBancorp Inc.,56.94,0.04,0.0698,12/14/16,12/30/16
PWOD,Penns Woods Bancorp Inc.,49.1,1.88,3.8723,12/2/16,12/20/16
PXI,PowerShares Exchange-Traded Fund Trust,41.7,0.17604,0.4177,12/16/16,12/30/16
PY,Principal Exchange-Traded Funds,29.05,0.632,2.1937,12/28/16,1/4/17
PYZ,PowerShares Exchange-Traded Fund Trust,64.04,1.4316,2.24,12/16/16,12/30/16
PZZA,Papa John's International Inc.,86.01,0.8,0.9259,2/2/17,2/17/17
QABA,First Trust Exchange-Traded Fund,53.36,0.6336,1.1867,12/21/16,12/30/16
QADA,QAD Inc.,29.2,0.288,0.9813,12/22/16,1/5/17
QADB,QAD Inc.,25,0.24,0.96,12/22/16,1/5/17
QCLN,First Trust Exchange-Traded Fund,16.74,0.06,0.3612,12/21/16,12/30/16
QCOM,QUALCOMM Incorporated,56.46,2.12,3.7271,11/28/16,12/16/16
QCRH,QCR Holdings Inc.,44.9,0.16,0.3632,12/21/16,1/6/17
QINC,First Trust Exchange-Traded Fund VI,23.41,0.822,3.5226,12/21/16,12/30/16
QLC,FlexShares Trust,29.2196,0.67744,2.3184,12/22/16,12/29/16
QQEW,First Trust Exchange-Traded Fund,50.71,0.308,0.6104,12/21/16,12/30/16
QQQ,PowerShares QQQ Trust Series 1,129.81,1.41976,1.0985,12/16/16,12/30/16
QQQC,Global X Funds,23.411,0.960541,4.0615,12/28/16,1/6/17
QQXT,First Trust Exchange-Traded Fund,44.005,0.1916,0.4373,12/21/16,12/30/16
QTEC,First Trust Exchange-Traded Fund,58.49,0.4176,0.7162,12/21/16,12/30/16
QYLD,Recon Capital Series Trust,23.14,1.53012,6.6325,1/25/17,1/31/17
RAIL,Freightcar America Inc.,14.62,0.36,2.4948,2/14/17,2/22/17
RAVN,Raven Industries Inc.,29.1,0.52,1.9083,1/4/17,1/20/17
RBCAA,Republic Bancorp Inc.,36.06,0.836,2.3352,12/14/16,1/20/17
RCII,Rent-A-Center Inc.,8.2,0.32,3.7825,1/3/17,1/26/17
RCKY,Rocky Brands Inc.,11.05,0.44,3.9819,11/23/16,12/9/16
RDVY,First Trust Exchange-Traded Fund VI,26.39,0.3452,1.3091,12/21/16,12/30/16
RECN,Resources Connection Inc.,16.9,0.44,2.5959,2/14/17,3/16/17
REIS,Reis Inc,21.1,0.68,3.2381,12/5/16,12/14/16
RELL,Richardson Electronics Ltd.,6.21,0.24,3.8772,2/3/17,2/24/17
RFAP,First Trust Exchange-Traded Fund III,54.37,3.492,6.4303,12/21/16,12/30/16
RFDI,First Trust Exchange-Traded Fund III,54.6531,1.0864,1.9847,12/21/16,12/30/16
RFEM,First Trust Exchange-Traded Fund III,58.9099,5.694,9.6247,12/21/16,12/30/16
RFEU,First Trust Exchange-Traded Fund III,54.26,3.3364,6.1006,12/21/16,12/30/16
RFIL,RF Industries Ltd.,1.5,0.08,5.3333,12/28/16,1/17/17
RGCO,RGC Resources Inc.,25.5383,0.87,3.3565,1/12/17,2/1/17
RGLD,Royal Gold Inc.,69.95,0.96,1.3466,1/4/17,1/20/17
RICK,RCI Hospitality Holdings Inc.,17.3,0.12,0.6969,12/8/16,12/27/16
RMCF,Rocky Mountain Chocolate Factory Inc.,11.43,0.48,4.1962,11/22/16,12/9/16
RMR,The RMR Group Inc.,51.25,1,1.9704,1/19/17,2/21/17
RNST,Renasant Corporation,41.07,0.72,1.7561,12/12/16,1/1/17
ROBO,Exchange Traded Concepts Trust,31.6,0.054872,0.1744,12/20/16,12/23/16
ROIC,Retail Opportunity Investments Corp.,20.99,0.72,3.4204,12/13/16,12/29/16
ROST,Ross Stores Inc.,68.55,0.54,0.7911,12/5/16,12/30/16
RRR,Red Rock Resorts Inc.,23.37,0.4,1.7021,11/10/16,11/30/16
RUTH,Ruth's Hospitality Group Inc.,17.55,0.28,1.573,11/8/16,11/23/16
RVSB,Riverview Bancorp Inc,7.5,0.08,1.0512,1/6/17,1/24/17
SABR,Sabre Corporation,21.3,0.52,2.4413,12/19/16,12/30/16
SAFM,Sanderson Farms Inc.,95.03,0.96,1.0217,1/27/17,2/14/17
SAFT,Safety Insurance Group Inc.,73.15,2.8,3.8225,11/29/16,12/15/16
SAL,Salisbury Bancorp Inc.,38.5,1.12,2.9091,2/8/17,2/24/17
SALM,Salem Media Group Inc.,6.9,0.26,3.7681,12/15/16,12/30/16
SAMG,Silvercrest Asset Management Group Inc.,14.15,0.48,3.447,12/7/16,12/16/16
SASR,Sandy Spring Bancorp Inc.,43.26,1.04,2.4096,2/7/17,2/15/17
SBBX,Sussex Bancorp,22.7,0.16,0.7064,2/7/17,2/23/17
SBFG,SB Financial Group Inc.,18.3,0.26,1.4069,2/8/17,2/24/17
SBRA,Sabra Healthcare REIT Inc.,25.32,1.68,6.596,2/13/17,2/28/17
SBSI,Southside Bancshares Inc.,35.7,1,2.6763,11/15/16,12/1/16
SBUX,Starbucks Corporation,57.35,1,1.7627,2/7/17,2/24/17
SCHL,Scholastic Corporation,46.63,0.6,1.2848,1/27/17,3/15/17
SCHN,Schnitzer Steel Industries Inc.,26.65,0.75,2.7523,2/2/17,2/21/17
SCVL,Shoe Carnival Inc.,25.32,0.28,1.092,1/5/17,1/23/17
SCZ,iShares Trust,52.91,1.461664,2.7485,12/21/16,12/28/16
SEIC,SEI Investments Company,50.49,0.56,1.1133,12/22/16,1/6/17
SELF,Global Self Storage Inc.,4.59,0.26,5.7269,12/13/16,12/29/16
SFBC,Sound Financial Bancorp Inc.,29.75,0.4,1.3448,2/9/17,2/27/17
SFBS,ServisFirst Bancshares Inc.,41.87,0.16,0.3783,12/29/16,1/13/17
SFNC,Simmons First National Corporation,60.15,0.96,1.5894,12/13/16,1/3/17
SGBK,Stonegate Bank,46.9,0.32,0.6752,12/14/16,12/30/16
SGC,Superior Uniform Group Inc.,17.13,0.35,2.042,2/13/17,3/1/17
SGQI,Janus Detroit Street Trust,26.59,0.456796,1.7179,12/23/16,12/30/16
SHBI,Shore Bancshares Inc,17.32,0.2,1.1547,2/15/17,2/28/17
SHEN,Shenandoah Telecommunications Co,29,0.25,0.8787,11/2/16,12/1/16
SHLM,A. Schulman Inc.,33.75,0.82,2.4405,1/11/17,2/1/17
SIFI,SI Financial Group Inc.,15,0.2,1.3378,2/2/17,2/27/17
SIGI,Selective Insurance Group Inc.,43.55,0.64,1.4562,2/13/17,3/1/17
SIR,Select Income REIT,25.74,2.04,7.9254,1/19/17,2/21/17
SIRI,Sirius XM Holdings Inc.,4.94,0.04,0.8147,2/3/17,2/28/17
SKOR,FlexShares Trust,50.2845,1.172808,2.3335,2/1/17,2/7/17
SKYW,SkyWest Inc.,35.7,0.2,0.5618,12/28/16,1/6/17
SKYY,First Trust Exchange-Traded Fund II,37.77,0.1172,0.3105,12/21/16,12/30/16
SLGN,Silgan Holdings Inc.,60.2,0.68,1.124,11/29/16,12/15/16
SLIM,Janus Detroit Street Trust,22.9001,0.0202,0.0882,12/23/16,12/30/16
SLP,Simulations Plus Inc.,10.1,0.2,1.99,1/26/17,2/6/17
SLQD,iShares Trust,50.39,0.97374,1.9328,2/1/17,2/7/17
SLRC,Solar Capital Ltd.,22.13,1.6,7.2727,12/13/16,1/4/17
SLVO,Credit Suisse AG,9.12,0.8208,8.8927,2/17/17,2/27/17
SMBC,Southern Missouri Bancorp Inc.,36.22,0.4,1.1211,2/13/17,2/28/17
SMMF,Summit Financial Group Inc.,24.5,0.4,1.63,12/13/16,12/30/16
SMRT,Stein Mart Inc.,3.64,0.3,8.1967,12/28/16,1/13/17
SNC,State National Companies Inc.,13,0.24,1.8223,12/14/16,12/30/16
SNH,Senior Housing Properties Trust,19.695,1.56,7.8788,1/19/17,2/21/17
SNHY,Sun Hydraulics Corporation,37.73,0.36,0.9509,12/28/16,1/15/17
SNI,Scripps Networks Interactive Inc,76.04,1,1.297,11/28/16,12/10/16
SNLN,Highland Funds I,18.6,0.818748,4.4066,2/15/17,2/28/17
SNSR,Global X Funds,17.294,0.048677,0.2819,12/28/16,1/6/17
SOCL,Global X Funds,24.49,0.03888,0.1595,12/28/16,1/6/17
SOHO,Sotherly Hotels Inc.,7.44,0.38,5.1351,12/13/16,1/11/17
SONA,Southern National Bancorp of Virginia Inc.,16.74,0.32,1.9048,2/9/17,2/24/17
SONC,Sonic Corp.,26.59,0.56,2.1301,2/6/17,2/17/17
SOXX,iShares Trust,132.27,1.159476,0.8811,12/21/16,12/28/16
SPAN,Span-America Medical Systems Inc.,20.85,0.64,3.052,11/18/16,12/9/16
SPAR,Spartan Motors Inc.,7.45,0.1,1.3333,11/10/16,12/15/16
SPKE,Spark Energy Inc.,24.85,1.45,5.8,11/29/16,12/14/16
SPLS,Staples Inc.,9.31,0.48,5.178,12/19/16,1/12/17
SPOK,Spok Holdings Inc.,19.1,0.5,2.6042,11/16/16,12/9/16
SPTN,SpartanNash Company,38.71,0.6,1.5424,12/7/16,12/30/16
SRCE,1st Source Corporation,46.8,0.72,1.5514,2/2/17,2/15/17
SRET,Global X Funds,14.795,1.122,7.5302,2/1/17,2/10/17
SSB,South State Corporation,90.45,1.32,1.4675,2/15/17,2/24/17
SSBI,Summit State Bank,17.51,0.48,2.7042,2/15/17,2/24/17
SSFN,Stewardship Financial Corp,9.75,0.12,1.2903,1/30/17,2/15/17
SSNC,SS&C Technologies Holdings Inc.,35.43,0.25,0.7072,11/29/16,12/15/16
STB,Student Transportation Inc,5.54,0.44004,7.816,1/27/17,2/15/17
STBA,S&T Bancorp Inc.,37.13,0.8,2.1494,2/7/17,2/23/17
STBZ,State Bank Financial Corporation.,27.43,0.56,2.049,12/1/16,12/13/16
STFC,State Auto Financial Corporation,26,0.4,1.5528,12/7/16,12/30/16
STLD,Steel Dynamics Inc.,37.16,0.56,1.4981,12/28/16,1/13/17
STRT,Strattec Security Corporation,29.6,0.56,1.8035,12/14/16,12/30/16
SUNS,Solar Senior Capital Ltd.,17.34,1.41,8.1739,1/17/17,2/1/17
SWKS,Skyworks Solutions Inc.,96.35,1.12,1.2117,1/31/17,2/23/17
SYBT,Stock Yards Bancorp Inc.,45.2,0.76,1.6759,12/8/16,12/30/16
SYMC,Symantec Corporation,28.8,0.3,1.0537,2/15/17,3/15/17
TACT,TransAct Technologies Incorporated,7.1,0.32,4.6377,2/15/17,3/15/17
TAIT,Taitron Components Incorporated,1.18,0.1,8.6185,2/9/17,2/28/17
TAX,Liberty Tax Inc.,15,0.64,4.2953,1/10/17,1/23/17
TBNK,Territorial Bancorp Inc.,33.55,0.8,2.3916,2/7/17,2/23/17
TCBK,TriCo Bancshares,37.21,0.6,1.6112,12/13/16,12/30/16
TCFC,The Community Financial Corporation,31.8577,0.4,1.2531,1/3/17,1/20/17
TCPC,TCP Capital Corp.,17.24,1.44,8.3624,12/14/16,12/30/16
TCRD,THL Credit Inc.,10.4,1.08,10.3547,12/13/16,12/30/16
TDIV,First Trust Exchange-Traded Fund VI,31.65,0.5804,1.835,12/21/16,12/30/16
TECH,Bio-Techne Corp,105.24,1.28,1.2189,11/9/16,11/28/16
TESS,TESSCO Technologies Incorporated,13.9,0.8,5.6738,2/13/17,3/1/17
TFSL,TFS Financial Corporation,17.39,0.5,2.8637,11/25/16,12/12/16
THFF,First Financial Corporation Indiana,46.95,1,2.1119,1/4/17,1/13/17
TILE,Interface Inc.,17.75,0.24,1.3445,11/8/16,11/25/16
TIPT,Tiptree Inc.,6.45,0.1,1.5625,11/17/16,11/28/16
TLT,iShares Trust,120.32,3.109908,2.6,2/1/17,2/7/17
TOWN,Towne Bank,33.05,0.52,1.5758,12/28/16,1/12/17
TRMK,Trustmark Corporation,34.24,0.92,2.6869,11/29/16,12/15/16
TROW,T. Rowe Price Group Inc.,71.1,2.16,3.0286,12/13/16,12/29/16
TRST,TrustCo Bank Corp NY,8.5,0.2625,3.125,11/30/16,1/3/17
TSBK,Timberland Bancorp Inc.,22.01,0.44,1.9946,2/9/17,2/27/17
TSCO,Tractor Supply Company,72.18,0.96,1.355,11/9/16,11/29/16
TSRA,Tessera Holding Corporation ,43.95,0.8,1.8018,11/7/16,11/23/16
TTEK,Tetra Tech Inc.,42.35,0.36,0.8471,2/15/17,3/3/17
TUSA,First Trust Exchange-Traded Fund,29.1126,0.5844,2.0082,12/21/16,12/30/16
TUTI,ETFIS Series Trust I,22.71,0.2923,1.2877,12/20/16,12/28/16
TUTT,ETFIS Series Trust I,22.15,0.10031,0.4531,12/20/16,12/28/16
TXN,Texas Instruments Incorporated,76.44,2,2.623,1/27/17,2/13/17
TXRH,Texas Roadhouse Inc.,48.24,0.76,1.5797,12/12/16,12/30/16
TYPE,Monotype Imaging Holdings Inc.,21.4,0.44,1.8644,12/28/16,1/20/17
UAE,iShares Trust,17.48,0.329546,1.9126,12/21/16,12/28/16
UBCP,United Bancorp Inc.,12.6,0.44,3.4783,12/7/16,
UBND,WisdomTree Trust,49.9599,1.44,2.8731,2/17/17,2/24/17
UBNK,United Financial Bancorp Inc. ,18.41,0.48,2.613,2/1/17,2/15/17
UBOH,United Bancshares Inc.,23.0044,0.44,1.8884,11/28/16,12/15/16
UBSH,Union Bankshares Corporation,37.18,0.8,2.1592,2/8/17,2/24/17
UBSI,United Bankshares Inc.,45.05,1.32,2.9301,12/7/16,1/3/17
UCBA,United Community Bancorp,17.3,0.24,1.3966,11/21/16,12/9/16
UCBI,United Community Banks Inc.,29.12,0.32,1.1034,12/13/16,1/5/17
UCFC,United Community Financial Corp.,8.9,0.12,1.359,2/8/17,2/22/17
UDBI,Legg Mason ETF Investment Trust,28.24,0.557693,1.9686,12/23/16,12/30/16
UFCS,United Fire Group Inc,41.32,1,2.3452,11/29/16,12/15/16
UFPI,Universal Forest Products Inc.,104.69,0.9,0.8468,11/29/16,12/15/16
UG,United-Guardian Inc.,15,0.8,5.3872,12/8/16,12/19/16
UIHC,United Insurance Holdings Corp.,15.95,0.24,1.5056,11/21/16,11/30/16
ULH,Universal Logistics Holdings Inc.,13.1,0.28,2.0896,11/3/16,11/17/16
UMBF,UMB Financial Corporation,80.1,1.02,1.2787,12/7/16,1/3/17
UMPQ,Umpqua Holdings Corporation,18.88,0.64,3.3702,12/28/16,1/13/17
UNB,Union Bankshares Inc.,42,1.16,2.8087,1/25/17,2/8/17
UNTY,Unity Bancorp Inc.,17,0.2,1.194,12/14/16,12/30/16
USLB,PowerShares Exchange-Traded Fund Trust II,28.07,0.68172,2.4286,12/16/16,12/30/16
USLM,United States Lime & Minerals Inc.,76.35,0.5,0.6555,11/22/16,12/16/16
UTMD,Utah Medical Products Inc.,63.4,1.06,1.7477,12/14/16,12/30/16
UVSP,Univest Corporation of Pennsylvania,28.9,0.8,2.8169,12/5/16,1/2/17
VALU,Value Line Inc.,17.86,0.68,3.7946,1/26/17,2/10/17
VALX,ETF Series Solutions Trust,26.77,0.223202,0.8357,12/28/16,1/3/17
VBND,ETF Series Solutions Trust,49.09,4.58189,9.3451,12/23/16,12/29/16
VCIT,Vanguard Scottsdale Funds,86.2,2.388,2.7764,2/1/17,2/7/17
VCLT,Vanguard Scottsdale Funds,89.88,3.24,3.6185,2/1/17,2/7/17
VCSH,Vanguard Scottsdale Funds,79.7,1.428,1.7924,2/1/17,2/7/17
VGIT,Vanguard Scottsdale Funds,64.22,0.864,1.3481,2/1/17,2/7/17
VGLT,Vanguard Scottsdale Funds,74.34,1.788,2.4201,2/1/17,2/7/17
VGSH,Vanguard Scottsdale Funds,60.81,0.384,0.6318,2/1/17,2/7/17
VIA,Viacom Inc.,47,0.8,1.6949,12/13/16,1/3/17
VIAB,Viacom Inc.,43.99,0.8,1.8116,12/13/16,1/3/17
VIDI,ETF Series Solutions Trust,23.44,0.844655,3.5892,12/23/16,12/29/16
VIGI,Vanguard Whitehall Funds,56.07,0.68,1.2147,12/20/16,12/27/16
VIRT,Virtu Financial Inc.,18.8,0.96,5.12,11/29/16,12/15/16
VIVO,Meridian Bioscience Inc.,12.75,0.5,3.9216,2/2/17,2/16/17
VLGEA,Village Super Market Inc.,30.38,1,3.2884,1/3/17,1/26/17
VMBS,Vanguard Scottsdale Funds,52.42,0.864,1.6492,2/1/17,2/7/17
VNOM,Viper Energy Partners LP,17.61,1.032,5.788,2/15/17,2/24/17
VNQI,Vanguard International Equity Index Funds,52.43,6.524,12.4148,12/20/16,12/27/16
VONE,Vanguard Scottsdale Funds,108.07,2.348,2.1755,12/14/16,12/20/16
VONG,Vanguard Scottsdale Funds,115.12,1.768,1.5397,12/14/16,12/20/16
VONV,Vanguard Scottsdale Funds,101.39,3.096,3.056,12/14/16,12/20/16
VRIG,PowerShares Actively Managed Exchange-Traded Fund Trust,25.09,0.57972,2.3087,2/15/17,2/28/17
VRTS,Virtus Investment Partners Inc.,110.9,1.8,1.6194,1/27/17,2/10/17
VSEC,VSE Corporation,40.82,0.24,0.5897,1/30/17,2/15/17
VTHR,Vanguard Scottsdale Funds,108.2767,2.308,2.1337,12/14/16,12/20/16
VTIP,Vanguard Malvern Funds,49.37,1.496,3.032,12/14/16,12/20/16
VTWG,Vanguard Scottsdale Funds,117.15,1.296,1.1094,12/14/16,12/20/16
VTWO,Vanguard Scottsdale Funds,111.46,2.024,1.8149,12/14/16,12/20/16
VTWV,Vanguard Scottsdale Funds,104.81,2.536,2.4136,12/14/16,12/20/16
VUSE,ETF Series Solutions Trust,29.97,0.430363,1.4312,12/23/16,12/29/16
VWOB,Vanguard Whitehall Funds,79.15,3.276,4.1358,2/1/17,2/7/17
VXUS,Vanguard STAR Funds,48.65,1.56,3.1928,12/20/16,12/27/16
VYMI,Vanguard Whitehall Funds,59.73,1.352,2.2537,12/22/16,12/29/16
WABC,Westamerica Bancorporation,57.92,1.56,2.686,2/2/17,2/17/17
WAFD,Washington Federal Inc.,34.7,0.6,1.6279,1/30/17,2/10/17
WASH,Washington Trust Bancorp Inc.,55.6,1.48,2.6667,12/28/16,1/13/17
WAYN,Wayne Savings Bancshares Inc.,18.3,0.36,1.9282,1/9/17,1/25/17
WBA,Walgreens Boots Alliance Inc.,85.86,1.5,1.7513,2/13/17,3/10/17
WBKC,Wolverine Bancorp Inc.,34.269,1.6,4.6689,12/27/16,1/11/17
WCFB,WCF Bancorp Inc.,9.908,0.2,2.0408,1/30/17,2/16/17
WDC,Western Digital Corporation,74.91,2,2.6333,12/28/16,1/17/17
WDFC,WD-40 Company,110.8,1.96,1.761,1/18/17,1/31/17
WEBK,Wellesley Bancorp Inc.,27.1,0.16,0.5715,12/5/16,12/21/16
WEN,Wendy's Company (The),14.13,0.26,1.8992,11/29/16,12/15/16
WERN,Werner Enterprises Inc.,27.85,0.24,0.8602,12/29/16,1/17/17
WETF,WisdomTree Investments Inc.,9.05,0.32,3.6364,2/13/17,3/1/17
WEYS,Weyco Group Inc.,28.16,0.84,3,12/1/16,1/2/17
WFBI,WashingtonFirst Bankshares Inc,28.44,0.28,0.9894,12/9/16,
WFM,Whole Foods Market Inc.,30.91,0.56,1.8325,1/11/17,1/24/17
WHF,WhiteHorse Finance Inc.,12.93,1.42,10.9737,12/16/16,1/3/17
WHLR,Wheeler Real Estate Investment Trust Inc.,1.7,0.21,12.426,1/27/17,2/28/17
WILN,Wi-LAN Inc,1.91,0.038085,1.994,12/13/16,1/4/17
WIN,Windstream Holdings Inc.,7.05,0.6,8.547,12/28/16,1/17/17
WINA,Winmark Corporation,112.3,0.4,0.354,2/6/17,3/1/17
WIRE,Encore Wire Corporation,47.85,0.08,0.1829,1/4/17,1/20/17
WNEB,Western New England Bancorp Inc.,9.6,0.12,1.2435,2/14/17,3/2/17
WOOD,iShares Trust,56.6,0.503622,0.8893,12/22/16,12/29/16
WSBC,WesBanco Inc.,41.04,0.96,2.3301,12/7/16,1/2/17
WSBF,Waterstone Financial Inc.,19.2,0.48,2.5,1/6/17,2/2/17
WSFS,WSFS Financial Corporation,46.05,0.28,0.6094,2/8/17,2/24/17
WSTC,West Corporation,24.28,0.9,3.7113,2/16/17,3/2/17
WSTG,Wayside Technology Group Inc.,17.9,0.68,3.7989,2/14/17,2/27/17
WTBA,West Bancorporation,23.1,0.68,2.9247,2/6/17,2/22/17
WTFC,Wintrust Financial Corporation,75.34,0.56,0.7407,2/7/17,2/23/17
WVFC,WVS Financial Corp.,15.1056,0.24,1.5585,2/9/17,2/23/17
WWD,Woodward Inc.,70.38,0.5,0.7121,2/15/17,3/6/17
WYNN,Wynn Resorts Limited,95.91,2,2.0678,2/10/17,2/28/17
XLNX,Xilinx Inc.,60.06,1.32,2.2144,2/6/17,2/23/17
XRAY,DENTSPLY SIRONA Inc.,62.68,0.31,0.5104,12/28/16,1/13/17
YDIV,First Trust Exchange-Traded Fund VI,17.1163,0.12,0.7088,1/20/17,1/31/17
YLCO,Global X Funds,11.27,0.5,4.4802,2/7/17,2/16/17
YORW,The York Water Company,34.85,0.6408,1.8387,12/28/16,1/17/17
ZEUS,Olympic Steel Inc.,25.19,0.08,0.3176,11/29/16,12/15/16
ZION,Zions Bancorporation,44.65,0.32,0.7127,2/14/17,2/23/17